set global table_definition_cache=400;
set global table_open_cache= 1024;
use test;
create table t_bug(id int primary key, col1 int) engine=innodb;
insert into t_bug values(1, 2);
insert into t_bug values(2, 2);
commit;
alter table t_bug add unique key(col1);
use test;
select * from t_bug;
id	col1
1	2
2	2
insert into t_bug values(3, 2);
commit;
ERROR 23000: Duplicate entry '2' for key 'col1'
select sleep(10);
sleep(10)
0
flush tables;
sleep(10)
0
set global table_definition_cache = default;
set global table_open_cache = default;
drop table t_bug;
