SET @global_start_value1 = @@global.innodb_rds_adaptive_tickets_algo;
SELECT @global_start_value1;
@global_start_value1
0
SET @global_start_value2 = @@global.innodb_rds_min_concurrency_tickets;
SELECT @global_start_value2;
@global_start_value2
50
SET @global_start_value3 = @@global.innodb_thread_concurrency;
SELECT @global_start_value3;
@global_start_value3
0
SET @global_start_value4 = @@global.innodb_concurrency_tickets;
SELECT @global_start_value4;
@global_start_value4
5000
SET @global_start_value5 = @@global.innodb_thread_sleep_delay;
SELECT @global_start_value5;
@global_start_value5
10000
SET @@global.innodb_rds_adaptive_tickets_algo = TRUE;
SELECT @@global.innodb_rds_adaptive_tickets_algo;
@@global.innodb_rds_adaptive_tickets_algo
1
SET @@global.innodb_rds_min_concurrency_tickets = 5;
SELECT @@global.innodb_rds_min_concurrency_tickets;
@@global.innodb_rds_min_concurrency_tickets
5
SET @@global.innodb_thread_concurrency = 2;
SELECT @@global.innodb_thread_concurrency;
@@global.innodb_thread_concurrency
2
SET @@global.innodb_concurrency_tickets=8;
create table t1(c1 int, c2 int) engine=innodb;
begin;
insert into t1
values(1,1),(2,2),(3,3),(4,4),(5,5),(6,6),(7,7),(8,8),(9,9),(10,10);
commit;
select * from t1;
c1	c2
1	1
2	2
3	3
4	4
5	5
6	6
7	7
8	8
9	9
10	10
SET @@global.innodb_rds_adaptive_tickets_algo = FALSE;
SELECT @@global.innodb_rds_adaptive_tickets_algo;
@@global.innodb_rds_adaptive_tickets_algo
0
select * from t1;
c1	c2
1	1
2	2
3	3
4	4
5	5
6	6
7	7
8	8
9	9
10	10
drop table t1;
SET @@global.innodb_rds_adaptive_tickets_algo = @global_start_value1;
SELECT @global_start_value1;
@global_start_value1
0
SET @@global.innodb_rds_min_concurrency_tickets = @global_start_value2;
SELECT @global_start_value2;
@global_start_value2
50
SET @@global.innodb_thread_concurrency = @global_start_value3;
SELECT @global_start_value3;
@global_start_value3
0
SET @@global.innodb_concurrency_tickets= @global_start_value4;
SELECT @global_start_value4;
@global_start_value4
5000
SET @@global.innodb_thread_sleep_delay= @global_start_value5;
SELECT @global_start_value5;
@global_start_value5
10000
