set autocommit= 0;
create table test.t1(id int, name varchar(100)) engine=innodb;
create index t1_ind_1 on test.t1(id);
insert into test.t1 values(1, 'test');
create table test.t2(id int, name varchar(100)) engine=myisam;
create index t2_ind_1 on test.t2(id);
insert into test.t2 values(1, 'test');
commit;
select * from test.t1;
id	name
1	test
select * from test.t2;
id	name
1	test
alter table test.t1 no_wait add extra varchar(10);
ERROR HY000: Lock wait timeout exceeded; try restarting transaction
alter table test.t1 no_wait rename to test.r1;
ERROR HY000: Lock wait timeout exceeded; try restarting transaction
alter table test.t1 no_wait add primary key(id);
ERROR HY000: Lock wait timeout exceeded; try restarting transaction
alter table test.t2 no_wait add extra varchar(10);
ERROR HY000: Lock wait timeout exceeded; try restarting transaction
alter table test.t2 no_wait rename to test.r2;
ERROR HY000: Lock wait timeout exceeded; try restarting transaction
alter table test.t2 no_wait add primary key(id);
ERROR HY000: Lock wait timeout exceeded; try restarting transaction
drop table test.t1 no_wait;
ERROR HY000: Lock wait timeout exceeded; try restarting transaction
truncate table test.t1 no_wait;
ERROR HY000: Lock wait timeout exceeded; try restarting transaction
optimize table test.t1 no_wait;
Table	Op	Msg_type	Msg_text
test.t1	optimize	Error	Lock wait timeout exceeded; try restarting transaction
test.t1	optimize	status	Operation failed
rename table test.t1 no_wait to test.r1;
ERROR HY000: Lock wait timeout exceeded; try restarting transaction
drop table test.t2 no_wait;
ERROR HY000: Lock wait timeout exceeded; try restarting transaction
truncate table test.t2 no_wait;
ERROR HY000: Lock wait timeout exceeded; try restarting transaction
optimize table test.t2 no_wait;
Table	Op	Msg_type	Msg_text
test.t2	optimize	Error	Lock wait timeout exceeded; try restarting transaction
test.t2	optimize	status	Operation failed
rename table test.t2 no_wait to test.r2;
ERROR HY000: Lock wait timeout exceeded; try restarting transaction
drop index t1_ind_1 on test.t1 no_wait;
ERROR HY000: Lock wait timeout exceeded; try restarting transaction
create index t1_ind_2 on test.t1(id) no_wait;
ERROR HY000: Lock wait timeout exceeded; try restarting transaction
drop index t2_ind_1 on test.t2 no_wait;
ERROR HY000: Lock wait timeout exceeded; try restarting transaction
create index t2_ind_2 on test.t2(id) no_wait;
ERROR HY000: Lock wait timeout exceeded; try restarting transaction
create fulltext index t2_ind_3 on test.t2(name) no_wait;
ERROR HY000: Lock wait timeout exceeded; try restarting transaction
alter table test.t1 wait 1 add extra varchar(10);
ERROR HY000: Lock wait timeout exceeded; try restarting transaction
alter table test.t1 wait 1 rename to test.r1;
ERROR HY000: Lock wait timeout exceeded; try restarting transaction
alter table test.t1 wait 1 add primary key(id);
ERROR HY000: Lock wait timeout exceeded; try restarting transaction
alter table test.t2 wait 1 add extra varchar(10);
ERROR HY000: Lock wait timeout exceeded; try restarting transaction
alter table test.t2 wait 1 rename to test.r2;
ERROR HY000: Lock wait timeout exceeded; try restarting transaction
alter table test.t2 wait 1 add primary key(id);
ERROR HY000: Lock wait timeout exceeded; try restarting transaction
drop table test.t1 wait 1;
ERROR HY000: Lock wait timeout exceeded; try restarting transaction
truncate table test.t1 wait 1;
ERROR HY000: Lock wait timeout exceeded; try restarting transaction
optimize table test.t1 wait 1;
Table	Op	Msg_type	Msg_text
test.t1	optimize	Error	Lock wait timeout exceeded; try restarting transaction
test.t1	optimize	status	Operation failed
rename table test.t1 wait 1 to test.r1;
ERROR HY000: Lock wait timeout exceeded; try restarting transaction
drop table test.t2 wait 1;
ERROR HY000: Lock wait timeout exceeded; try restarting transaction
truncate table test.t2 wait 1;
ERROR HY000: Lock wait timeout exceeded; try restarting transaction
optimize table test.t2 wait 1;
Table	Op	Msg_type	Msg_text
test.t2	optimize	Error	Lock wait timeout exceeded; try restarting transaction
test.t2	optimize	status	Operation failed
rename table test.t2 wait 1 to test.r2;
ERROR HY000: Lock wait timeout exceeded; try restarting transaction
drop index t1_ind_1 on test.t1 wait 1;
ERROR HY000: Lock wait timeout exceeded; try restarting transaction
create index t1_ind_2 on test.t1(id) wait 1;
ERROR HY000: Lock wait timeout exceeded; try restarting transaction
drop index t2_ind_1 on test.t2 wait 1;
ERROR HY000: Lock wait timeout exceeded; try restarting transaction
create index t2_ind_2 on test.t2(id) wait 1;
ERROR HY000: Lock wait timeout exceeded; try restarting transaction
create fulltext index t2_ind_3 on test.t2(name) wait 1;
ERROR HY000: Lock wait timeout exceeded; try restarting transaction
commit;
alter table test.t1 no_wait add extra varchar(10);
alter table test.t1 no_wait rename to test.r1;
alter table test.r1 no_wait rename to test.t1;
alter table test.t1 no_wait add primary key(id);
alter table test.t2 no_wait add extra varchar(10);
alter table test.t2 no_wait rename to test.r2;
alter table test.r2 no_wait rename to test.t2;
alter table test.t2 no_wait add primary key(id);
truncate table test.t1 no_wait;
optimize table test.t1 no_wait;
Table	Op	Msg_type	Msg_text
test.t1	optimize	note	Table does not support optimize, doing recreate + analyze instead
test.t1	optimize	status	OK
rename table test.t1 no_wait to test.r1;
rename table test.r1 no_wait to test.t1;
truncate table test.t2 no_wait;
optimize table test.t2 no_wait;
Table	Op	Msg_type	Msg_text
test.t2	optimize	status	Table is already up to date
rename table test.t2 no_wait to test.r2;
rename table test.r2 no_wait to test.t2;
drop index t1_ind_1 on test.t1 no_wait;
create index t1_ind_2 on test.t1(id) no_wait;
drop index t2_ind_1 on test.t2 no_wait;
create index t2_ind_2 on test.t2(id) no_wait;
create fulltext index t2_ind_3 on test.t2(name) no_wait;
drop table test.t1 no_wait;
drop table test.t2 no_wait;
create table test.t1 (id int, name varchar(100)) engine=innodb;
create index t1_ind_1 on test.t1(id);
insert into test.t1 values (1, 'test');
create table test.t2 (id int, name varchar(100)) engine=myisam;
create index t2_ind_1 on test.t2(id);
insert into test.t2 values(1, 'test');
commit;
alter table test.t1 wait 1 add extra varchar(10);
alter table test.t1 wait 1 rename to test.r1;
alter table test.r1 wait 1 rename to test.t1;
alter table test.t1 wait 1 add primary key(id);
alter table test.t2 wait 1 add extra varchar(10);
alter table test.t2 wait 1 rename to test.r2;
alter table test.r2 wait 1 rename to test.t2;
alter table test.t2 wait 1 add primary key(id);
truncate table test.t1 wait 1;
optimize table test.t1 wait 1;
Table	Op	Msg_type	Msg_text
test.t1	optimize	note	Table does not support optimize, doing recreate + analyze instead
test.t1	optimize	status	OK
rename table test.t1 wait 1 to test.r1;
rename table test.r1 wait 1 to test.t1;
truncate table test.t2 wait 1;
optimize table test.t2 wait 1;
Table	Op	Msg_type	Msg_text
test.t2	optimize	status	Table is already up to date
rename table test.t2 wait 1 to test.r2;
rename table test.r2 wait 1 to test.t2;
drop index t1_ind_1 on test.t1 wait 1;
create index t1_ind_2 on test.t1(id) wait 1;
drop index t2_ind_1 on test.t2 wait 1;
create index t2_ind_2 on test.t2(id) wait 1;
create fulltext index t2_ind_3 on test.t2(name) wait 1;
drop table test.t1 wait 1;
drop table test.t2 wait 1;
create table test.t1 (a int);
begin;
insert into test.t1 values (1);
alter table test.t1 wait 2 add index (a);
ERROR HY000: Lock wait timeout exceeded; try restarting transaction
alter table test.t1 no_wait add index (a);
ERROR HY000: Lock wait timeout exceeded; try restarting transaction
commit;
drop table test.t1;
