create table t1(c1 int) engine = tokudb;
create table t2(c1 int) engine = tokudb;
insert into t1 values (rand());
select count(*) from t1;
count(*)
3145726
select count(*) from t2;
count(*)
6291410
set global tokudb_checkpoint_on_flush_logs=ON;
flush logs;
set global tokudb_checkpoint_on_flush_logs=OFF;
select leaf_compress_ratio > 3, internal_compress_ratio > 1 from information_schema.TokuDB_fractal_tree_info where table_dictionary_name = 'main';
leaf_compress_ratio > 3	internal_compress_ratio > 1
1	0
1	0
flush tables;
set global tokudb_checkpoint_on_flush_logs=ON;
flush logs;
set global tokudb_checkpoint_on_flush_logs=OFF;
select leaf_compress_ratio > 3, internal_compress_ratio > 1 from information_schema.TokuDB_fractal_tree_info where table_dictionary_name = 'main';
leaf_compress_ratio > 3	internal_compress_ratio > 1
1	0
1	0
drop table t1;
drop table t2;
