drop table if exists t1,t2,t3,t4,t5,t6,t7,t8,t9;
create table t1 (a int column_format compressed) CHARACTER SET gbk engine=innodb;
Warnings:
Warning	1888	Can not define column 'a' in compressed format, silently change column_format to default
show create table t1;
Table	Create Table
t1	CREATE TABLE `t1` (
  `a` int(11) DEFAULT NULL
) ENGINE=InnoDB DEFAULT CHARSET=gbk
create table t2 (a varchar(100) column_format compressed) CHARACTER SET gbk engine=innodb;
show create table t2;
Table	Create Table
t2	CREATE TABLE `t2` (
  `a` varchar(100) /*!50616 COLUMN_FORMAT COMPRESSED */ DEFAULT NULL
) ENGINE=InnoDB DEFAULT CHARSET=gbk
create table t3 (a blob column_format compressed) CHARACTER SET gbk engine=innodb;
show create table t3;
Table	Create Table
t3	CREATE TABLE `t3` (
  `a` blob /*!50616 COLUMN_FORMAT COMPRESSED */
) ENGINE=InnoDB DEFAULT CHARSET=gbk
create table t4 (a text column_format compressed) CHARACTER SET gbk engine=innodb;
show create table t4;
Table	Create Table
t4	CREATE TABLE `t4` (
  `a` text /*!50616 COLUMN_FORMAT COMPRESSED */
) ENGINE=InnoDB DEFAULT CHARSET=gbk
create table t5 (a text binary column_format compressed) CHARACTER SET gbk engine=innodb;
show create table t5;
Table	Create Table
t5	CREATE TABLE `t5` (
  `a` text CHARACTER SET gbk COLLATE gbk_bin /*!50616 COLUMN_FORMAT COMPRESSED */
) ENGINE=InnoDB DEFAULT CHARSET=gbk
create table t6(a text CHARACTER SET gbk column_format compressed) CHARACTER SET gbk engine=innodb;
show create table t6;
Table	Create Table
t6	CREATE TABLE `t6` (
  `a` text /*!50616 COLUMN_FORMAT COMPRESSED */
) ENGINE=InnoDB DEFAULT CHARSET=gbk
create table t7(a text BINARY CHARACTER SET gbk column_format compressed) CHARACTER SET gbk engine=innodb;
show create table t7;
Table	Create Table
t7	CREATE TABLE `t7` (
  `a` text CHARACTER SET gbk COLLATE gbk_bin /*!50616 COLUMN_FORMAT COMPRESSED */
) ENGINE=InnoDB DEFAULT CHARSET=gbk
create table t8 (a varbinary(1000) column_format compressed) CHARACTER SET gbk engine=innodb;
show create table t8;
Table	Create Table
t8	CREATE TABLE `t8` (
  `a` varbinary(1000) /*!50616 COLUMN_FORMAT COMPRESSED */ DEFAULT NULL
) ENGINE=InnoDB DEFAULT CHARSET=gbk
create table t9 ( a varchar(1000) column_format compressed) CHARACTER SET gbk engine=innodb;
show create table t9;
Table	Create Table
t9	CREATE TABLE `t9` (
  `a` varchar(1000) /*!50616 COLUMN_FORMAT COMPRESSED */ DEFAULT NULL
) ENGINE=InnoDB DEFAULT CHARSET=gbk
drop table t1;
create table t1(a blob column_format compressed, key(a(10)));
ERROR HY000: Compressed BLOB/TEXT/VARCHAR/VARBINARY column 'a' used in key list is not allowed
create table t1(a blob column_format compressed);
alter table t3 add key(a(10));
ERROR HY000: Compressed BLOB/TEXT/VARCHAR/VARBINARY column 'a' used in key list is not allowed
drop table t1;
create table t1 (a blob) engine=innodb;
alter table t1 add key(a(10));
drop table t1;
create table t1 (a blob) CHARACTER SET gbk engine=innodb;
insert into t1 values (repeat('abc',5));
insert into t1 values (repeat('abc',100));
select * from t1;
a
abcabcabcabcabc
abcabcabcabcabcabcabcabcabcabcabcabcabcabcabcabcabcabcabcabcabcabcabcabcabcabcabcabcabcabcabcabcabcabcabcabcabcabcabcabcabcabcabcabcabcabcabcabcabcabcabcabcabcabcabcabcabcabcabcabcabcabcabcabcabcabcabcabcabcabcabcabcabcabcabcabcabcabcabcabcabcabcabcabcabcabcabcabcabcabcabcabcabcabcabcabcabcabcabcabc
alter table t1 modify column a blob column_format compressed;
select * from t1;
a
abcabcabcabcabc
abcabcabcabcabcabcabcabcabcabcabcabcabcabcabcabcabcabcabcabcabcabcabcabcabcabcabcabcabcabcabcabcabcabcabcabcabcabcabcabcabcabcabcabcabcabcabcabcabcabcabcabcabcabcabcabcabcabcabcabcabcabcabcabcabcabcabcabcabcabcabcabcabcabcabcabcabcabcabcabcabcabcabcabcabcabcabcabcabcabcabcabcabcabcabcabcabcabcabcabc
show create table t1;
Table	Create Table
t1	CREATE TABLE `t1` (
  `a` blob /*!50616 COLUMN_FORMAT COMPRESSED */
) ENGINE=InnoDB DEFAULT CHARSET=gbk
checksum table t1;
Table	Checksum
test.t1	1570560110
alter table t1 modify column a varchar(10000) column_format compressed;
show create table t1;
Table	Create Table
t1	CREATE TABLE `t1` (
  `a` varchar(10000) /*!50616 COLUMN_FORMAT COMPRESSED */ DEFAULT NULL
) ENGINE=InnoDB DEFAULT CHARSET=gbk
alter table t1 modify column a varchar(10000);
alter table t1 modify column a blob column_format compressed;
checksum table t1;
Table	Checksum
test.t1	1570560110
drop table t1;
create table t1 (a int auto_increment primary key) CHARACTER SET gbk engine=innodb;
insert into t1 values (NULL);
alter table t1 add column b text column_format compressed;
insert into t1 (a) values (NULL);
alter table t1 add column c varchar(1000) column_format compressed;
insert into t1 (a,b,c) values (NULL, "hello!", "world!");
alter table t1 add column d varchar(10000) column_format compressed default "hello, world! see you!";
insert into t1 (a,b,c) values (NULL, "hello", "world!");
select * from t1;
a	b	c	d
1	NULL	NULL	hello, world! see you!
2	NULL	NULL	hello, world! see you!
3	hello!	world!	hello, world! see you!
4	hello	world!	hello, world! see you!
set @old_innodb_rds_column_compression_level = @@global.innodb_rds_column_compression_level;
drop table t1;
create table t1 (a blob column_format compressed) CHARACTER SET gbk engine=innodb;
set @@global.innodb_rds_column_compression_level = -1;
Warnings:
Warning	1292	Truncated incorrect innodb_rds_column_compression_le value: '-1'
select @@global.innodb_rds_column_compression_level;
@@global.innodb_rds_column_compression_level
0
insert into t1 values(repeat('abcd', 200));
set @@global.innodb_rds_column_compression_level = 5;
select @@global.innodb_rds_column_compression_level;
@@global.innodb_rds_column_compression_level
5
insert into t1 values(repeat('abcd', 200));
set @@global.innodb_rds_column_compression_level = 9;
select @@global.innodb_rds_column_compression_level;
@@global.innodb_rds_column_compression_level
9
insert into t1 values(repeat('abcd', 200));
set @@global.innodb_rds_column_compression_level = 10;
Warnings:
Warning	1292	Truncated incorrect innodb_rds_column_compression_le value: '10'
select @@global.innodb_rds_column_compression_level;
@@global.innodb_rds_column_compression_level
9
select max(length(a)) from t1;
max(length(a))
800
set @old_innodb_rds_column_zlib_strategy = @@global.innodb_rds_column_zlib_strategy;
truncate table t1;
insert into t1 values(repeat('abcd', 10));
set @@global.innodb_rds_column_zlib_strategy = -1;
Warnings:
Warning	1292	Truncated incorrect innodb_rds_column_zlib_strategy value: '-1'
select @@global.innodb_rds_column_zlib_strategy;
@@global.innodb_rds_column_zlib_strategy
0
insert into t1 values(repeat('abcd', 10));
set @@global.innodb_rds_column_zlib_strategy = 0;
select @@global.innodb_rds_column_zlib_strategy;
@@global.innodb_rds_column_zlib_strategy
0
insert into t1 values(repeat('abcd', 200));
set @@global.innodb_rds_column_zlib_strategy = 1;
select @@global.innodb_rds_column_zlib_strategy;
@@global.innodb_rds_column_zlib_strategy
1
insert into t1 values(repeat('abcd', 200));
set @@global.innodb_rds_column_zlib_strategy = 2;
select @@global.innodb_rds_column_zlib_strategy;
@@global.innodb_rds_column_zlib_strategy
2
insert into t1 values(repeat('abcd', 200));
set @@global.innodb_rds_column_zlib_strategy = 3;
select @@global.innodb_rds_column_zlib_strategy;
@@global.innodb_rds_column_zlib_strategy
3
insert into t1 values(repeat('abcd', 200));
set @@global.innodb_rds_column_zlib_strategy = 4;
select @@global.innodb_rds_column_zlib_strategy;
@@global.innodb_rds_column_zlib_strategy
4
insert into t1 values(repeat('abcd', 200));
set @@global.innodb_rds_column_zlib_strategy = 5;
Warnings:
Warning	1292	Truncated incorrect innodb_rds_column_zlib_strategy value: '5'
select @@global.innodb_rds_column_zlib_strategy;
@@global.innodb_rds_column_zlib_strategy
4
select max(length(a)) from t1;
max(length(a))
800
truncate table t1;
set @old_innodb_rds_column_zlib_wrap = @@global.innodb_rds_column_zlib_wrap;
set @@global.innodb_rds_column_zlib_wrap = 0;
select @@global.innodb_rds_column_zlib_wrap;
@@global.innodb_rds_column_zlib_wrap
0
insert into t1 values (repeat('abcd', 10));
insert into t1 values (repeat('abcd',1000));
set @@global.innodb_rds_column_zlib_wrap = 1;
select @@global.innodb_rds_column_zlib_wrap;
@@global.innodb_rds_column_zlib_wrap
1
insert into t1 values (repeat('abcd', 10));
insert into t1 values (repeat('abcd',1000));
select max(length(a)) from t1;
max(length(a))
4000
truncate table t1;
set @old_innodb_rds_column_zip_threshold = @@global.innodb_rds_column_zip_threshold;
show variables like 'innodb_rds_column_zip_threshold';
Variable_name	Value
innodb_rds_column_zip_threshold	96
set global innodb_rds_column_zip_threshold = 0;
Warnings:
Warning	1292	Truncated incorrect innodb_rds_column_zip_threshold value: '0'
select @@global.innodb_rds_column_zip_threshold;
@@global.innodb_rds_column_zip_threshold
1
insert into t1 values (repeat('abc',10));
set global innodb_rds_column_zip_threshold = 96;
select @@global.innodb_rds_column_zip_threshold;
@@global.innodb_rds_column_zip_threshold
96
insert into t1 values (repeat('abc',40));
set global innodb_rds_column_zip_threshold = 1000;
select @@global.innodb_rds_column_zip_threshold;
@@global.innodb_rds_column_zip_threshold
1000
insert into t1 values (repeat('abc',1000));
select max(length(a)) from t1;
max(length(a))
3000
show global status like '%innodb%compress%';
Variable_name	Value
Innodb_column_compressed	29
Innodb_column_decompressed	35
drop table t1;
create table t1 (a int auto_increment primary key, b int, c int, d blob column_format compressed) CHARACTER SET gbk engine=innodb;
show create table t1;
Table	Create Table
t1	CREATE TABLE `t1` (
  `a` int(11) NOT NULL AUTO_INCREMENT,
  `b` int(11) DEFAULT NULL,
  `c` int(11) DEFAULT NULL,
  `d` blob /*!50616 COLUMN_FORMAT COMPRESSED */,
  PRIMARY KEY (`a`)
) ENGINE=InnoDB DEFAULT CHARSET=gbk
insert into t1 select NULL,100,100,repeat('abc',100);
insert into t1 select NULL,100,100,repeat('abc',100) from t1;
insert into t1 select NULL,100,100,repeat('abc',100) from t1 a, t1 b;
insert into t1 select NULL,100,100,repeat('abc',100) from t1 a, t1 b;
insert into t1 select NULL,100,100,repeat('abc',100) from t1 a, t1 b;
show global status like '%innodb%compress%';
Variable_name	Value
Innodb_column_compressed	1835
Innodb_column_decompressed	35
select count(*) from t1;
count(*)
1806
show global status like '%innodb%compress%';
Variable_name	Value
Innodb_column_compressed	1835
Innodb_column_decompressed	35
select a,b,c from t1 limit 10;
a	b	c
1	100	100
2	100	100
3	100	100
4	100	100
5	100	100
6	100	100
10	100	100
11	100	100
12	100	100
13	100	100
show global status like '%innodb%compress%';
Variable_name	Value
Innodb_column_compressed	1835
Innodb_column_decompressed	35
select max(length(d)) from t1;
max(length(d))
300
show global status like '%innodb%compress%';
Variable_name	Value
Innodb_column_compressed	1835
Innodb_column_decompressed	1841
drop table t2;
create table t2 like t1;
insert into t2 select * from t1;
alter table t2 modify column d blob;
show create table t2;
Table	Create Table
t2	CREATE TABLE `t2` (
  `a` int(11) NOT NULL AUTO_INCREMENT,
  `b` int(11) DEFAULT NULL,
  `c` int(11) DEFAULT NULL,
  `d` blob,
  PRIMARY KEY (`a`)
) ENGINE=InnoDB AUTO_INCREMENT=1837 DEFAULT CHARSET=gbk
checksum table t1,t2;
Table	Checksum
test.t1	2260691284
test.t2	2260691284
set @old_innodb_rds_column_zip_mem_use_heap = @@global.innodb_rds_column_zip_mem_use_heap;
set global innodb_rds_column_zip_mem_use_heap = 1;
create table t10 (a int auto_increment primary key, b blob column_format compressed) engine = innodb;
insert into t10 values (NULL, repeat('abc',5000));
select length(b) from t10;
length(b)
15000
set @@global.innodb_rds_column_zip_threshold = 10;
insert into t10 values (NULL,'abcdeghijklm');
drop table t10;
create table t10 (a int auto_increment primary key, b blob) engine = innodb;
insert into t10 values (NULL, repeat('abc',5000));
select length(b) from t10;
length(b)
15000
drop table t10;
create table t10 (a tinytext column_format compressed) engine = innodb;
insert into t10(a) values (repeat('abc',50));
select length(a) from t10;
length(a)
150
drop table t10;
create table t10 (a text column_format compressed) engine = innodb;
insert into t10(a) values (repeat('abc',50));
select length(a) from t10;
length(a)
150
drop table t10;
create table t10 (a mediumtext column_format compressed) engine = innodb;
insert into t10(a) values (repeat('abc',50));
select length(a) from t10;
length(a)
150
drop table t10;
create table t10 (a longtext column_format compressed) engine = innodb;
insert into t10(a) values (repeat('abc',50));
select length(a) from t10;
length(a)
150
drop table t10;
create table t10 (a int primary key, b blob , key (b(20))) engine = innodb;
insert into t10 values (1,repeat('abc',10));
insert into t10 values (2,repeat('bca',10));
insert into t10 values (3,repeat('cab',10));
select a from t10 where b like 'abc%' order by a;
a
1
update t10 set b = repeat('aaa',10);
drop table t10;
create table t10 (a blob, b text ,primary key(a(1))) engine = innodb;
insert into t10 values (REPEAT('a',8000),REPEAT('b',8000));
update t10 set a = REPEAT('a',7999);
drop table t10;
set @@global.innodb_rds_column_compression_level = @old_innodb_rds_column_compression_level;
set @@global.innodb_rds_column_zlib_wrap = @old_innodb_rds_column_zlib_wrap;
set @@global.innodb_rds_column_zlib_strategy = @old_innodb_rds_column_zlib_strategy;
set @@global.innodb_rds_column_zip_threshold = @old_innodb_rds_column_zip_threshold;
set @@global.innodb_rds_column_zip_mem_use_heap = @old_innodb_rds_column_zip_mem_use_heap;
drop table t1,t2,t3,t4,t5,t6,t7,t8,t9;
