DROP TABLE if exists t1;
CREATE TABLE t1 (a INT NOT NULL PRIMARY KEY AUTO_INCREMENT, b VARCHAR(256)) ENGINE=INNODB;
INSERT INTO t1 VALUES (0, REPEAT('a',256));
INSERT INTO t1 SELECT 0, b FROM t1;
INSERT INTO t1 SELECT 0, b FROM t1;
INSERT INTO t1 SELECT 0, b FROM t1;
INSERT INTO t1 SELECT 0, b FROM t1;
INSERT INTO t1 SELECT 0, b FROM t1;
INSERT INTO t1 SELECT 0, b FROM t1;
INSERT INTO t1 SELECT 0, b FROM t1;
INSERT INTO t1 SELECT 0, b FROM t1;
INSERT INTO t1 SELECT 0, b FROM t1;
INSERT INTO t1 SELECT 0, b FROM t1;
INSERT INTO t1 SELECT 0, b FROM t1;
INSERT INTO t1 SELECT 0, b FROM t1;
INSERT INTO t1 SELECT 0, b FROM t1;
INSERT INTO t1 SELECT 0, b FROM t1;
INSERT INTO t1 SELECT 0, b FROM t1;
INSERT INTO t1 SELECT 0, b FROM t1;
show global status like "innodb_buffered_aio_submitted";
Variable_name	Value
Innodb_buffered_aio_submitted	0
select * from t1;
select count(*) from t1;
count(*)
65536
show global status like "innodb_buffered_aio_submitted";
Variable_name	Value
Innodb_buffered_aio_submitted	#
DROP TABLE t1;
