include/master-slave.inc
Warnings:
Note	####	Sending passwords in plain text without SSL/TLS is extremely insecure.
Note	####	Storing MySQL user name or password information in the master info repository is not secure and is therefore not recommended. Please consider using the USER and PASSWORD connection options for START SLAVE; see the 'START SLAVE Syntax' in the MySQL Manual for more information.
[connection master]
include/rpl_set_gtid_mode.inc
set @old_rds_allow_unsafe_stmt_with_gtid = @@global.rds_allow_unsafe_stmt_with_gtid;
set global rds_allow_unsafe_stmt_with_gtid = ON;
create table t1 (a int) engine = innodb;
create table t2 (a int) engine = myisam;
begin;
insert into t1 values (1);
insert into t1 values (2);
insert into t2 values (1);
insert into t2 values (2);
commit;
[on master]
select * from t1 order by a;
a
1
2
select * from t2 order by a;
a
1
2
[on slave]
select * from t1 order by a;
a
1
2
select * from t2 order by a;
a
1
2
begin;
insert into t1 values (3);
update t1, t2 set t1.a = t1.a+1, t2.a = t2.a+1;
insert into t1 values (4);
commit;
[on master]
select * from t1 order by a;
a
2
3
4
4
select * from t2 order by a;
a
2
3
[on slave]
select * from t1 order by a;
a
2
3
4
4
select * from t2 order by a;
a
2
3
create table t3 (a int ) engine = innodb select * from t1;
create table t4 as select * from t1;
[on master]
select * from t3 order by a;
a
2
3
4
4
select * from t4 order by a;
a
2
3
4
4
[on slave]
select * from t3 order by a;
a
2
3
4
4
select * from t4 order by a;
a
2
3
4
4
drop table t1, t2, t3, t4;
create table t1(c int);
create procedure sp_1(a int)
begin
insert into t1 values(a);
create table t2 as select * from t1 where c>=a;
create table t3 as select * from t1 where c>=a;
create table t4 as select * from t1 where c>=100;
end;$$
call test.sp_1(100);
[on master]
select * from t1;
c
100
select * from t2;
c
100
select * from t3;
c
100
select * from t4;
c
100
[on slave]
select * from t1;
c
100
select * from t2;
c
100
select * from t3;
c
100
select * from t4;
c
100
create table sb (a int) engine = innodb;
insert into sb values (1),(2),(3);
set debug_sync = 'reset';
set debug_sync = 'after_write_something signal do_kill wait_for continue';
create table sb2 engine=myisam as select * from sb;;
set debug_sync = 'now wait_for do_kill';
kill query ID;
ERROR 70100: Query execution was interrupted
set debug_sync='reset';
create table sb2 as select * from sb;
drop table sb, sb2;
#cleanup
drop table t1, t2, t3, t4;
set global rds_allow_unsafe_stmt_with_gtid = @old_rds_allow_unsafe_stmt_with_gtid;
include/rpl_end.inc
